"","Df","Sum Sq","Mean Sq","F value","Pr(>F)"
"log1p(Feeding_3_U1)",1,11.2460975790998,11.2460975790998,3.50663485001114,0.0784266281189706
"Year",1,7.44428384165469,7.44428384165469,2.32119497175932,0.146007651167525
"Residuals",17,54.5205494789654,3.20709114582149,NA,NA
