"","Df","Sum Sq","Mean Sq","F value","Pr(>F)"
"log1p(Feeding_3_U2)",1,0.177633751204507,0.177633751204507,0.162078666617221,0.692267195240835
"Year",1,4.6269003365973,4.6269003365973,4.22173056663702,0.0556125161145195
"Residuals",17,18.6315314254675,1.0959724367922,NA,NA
