"","Df","Sum Sq","Mean Sq","F value","Pr(>F)"
"log1p(Food_3_U2)",1,0.038673704753799,0.038673704753799,0.0352829355718329,0.853227832693433
"Year",1,4.76365370936931,4.76365370936931,4.3459939507784,0.0524890749513873
"Residuals",17,18.6337380991462,1.09610224112625,NA,NA
