"","Df","Sum Sq","Mean Sq","F value","Pr(>F)"
"log1p(Food_3_U1)",1,14.443267346547,14.443267346547,4.55317150123256,0.0477221822973629
"Year",1,4.84139593403485,4.84139593403485,1.52622709696644,0.233480871389572
"Residuals",17,53.926267619138,3.17213338936106,NA,NA
