"","Df","Sum Sq","Mean Sq","F value","Pr(>F)"
"log1p(Gammarid_U1)",1,2.79075778168787,2.79075778168787,0.731341773505137,0.404340557767774
"Year",1,5.5491593082889,5.5491593082889,1.45420431562213,0.244370722606212
"Residuals",17,64.8710138097431,3.81594198880842,NA,NA
