"","Df","Sum Sq","Mean Sq","F value","p_value"
"Year",1,0.0103382758760565,0.0103382758760565,0.00430404712488522,0.948076364180876
"Gammarid:Constrast",2,8.01269008335503,4.00634504167751,1.66792781162536,0.203703150373586
