"","Value","Df","Chisq","Pr(>Chisq)"
"D_U1-U1_U2",-0.194701215248508,1,2.92887356827861,0.0870081806542493
