"","Df","Sum Sq","Mean Sq","F value","Pr(>F)"
"log1p(Gammarid_U2)",1,0.0652223219427773,0.0652223219427773,0.0642958706512865,0.802871796923927
"Year",1,6.12588699436074,6.12588699436074,6.03887175558358,0.0250325660391942
"Residuals",17,17.2449561969658,1.01440918805681,NA,NA
