"","Value","Df","Chisq","Pr(>Chisq)"
"D_U1-U1_U2",-0.545005482111361,1,4.68163908815236,0.0304866463458077
