"","Df","Sum Sq","Mean Sq","F value","p_value"
"Year",1,0.00880387749292264,0.00880387749292264,0.00462245242392413,0.946192959834656
"Feeding_3:Constrast",2,21.9383422787246,10.9691711393623,5.75933408459453,0.00701324964448727
