"","Df","Sum Sq","Mean Sq","F value","p_value"
"Year",1,0.00884943082216484,0.00884943082216484,0.00476548108183735,0.945368188236492
"Food_3:Contrast",2,23.7702790237856,11.8851395118928,6.40023168010564,0.00437410284150572
