"","Estimate","Std. Error","t value","pvals"
"(Intercept)",-455.206197023674,1125.71676559166,-0.404370096402023,0.68847317459706
"Year",0.226139912251902,0.559135558998528,0.404445592151111,0.688418195284008
"Food_3:ContrastD_U1",-0.888367904639717,0.280722332242954,-3.16457866939802,0.00326685824307048
"Food_3:ContrastU1_U2",-0.216230034126058,0.327129248470323,-0.660992666162269,0.51307138292742
