"","Value","Df","Chisq","Pr(>Chisq)"
"D_U1-U1_U2",-0.672137870513659,1,6.30989990223532,0.0120065617985021
